{
    "loss": 1.2903282642364502,
    "accuracy": 0.8706896305084229
}